{
  "hash": "e3de2f48",
  "configHash": "a8df4866",
  "lockfileHash": "16bc15a7",
  "browserHash": "396b4c9d",
  "optimized": {
    "@angular/common": {
      "src": "../../../../../node_modules/@angular/common/fesm2022/common.mjs",
      "file": "@angular_common.js",
      "fileHash": "ffe52b87",
      "needsInterop": false
    },
    "@angular/common/http": {
      "src": "../../../../../node_modules/@angular/common/fesm2022/http.mjs",
      "file": "@angular_common_http.js",
      "fileHash": "7ad61d1b",
      "needsInterop": false
    },
    "@angular/core": {
      "src": "../../../../../node_modules/@angular/core/fesm2022/core.mjs",
      "file": "@angular_core.js",
      "fileHash": "eeecbbeb",
      "needsInterop": false
    },
    "@angular/forms": {
      "src": "../../../../../node_modules/@angular/forms/fesm2022/forms.mjs",
      "file": "@angular_forms.js",
      "fileHash": "200aa290",
      "needsInterop": false
    },
    "@angular/platform-browser": {
      "src": "../../../../../node_modules/@angular/platform-browser/fesm2022/platform-browser.mjs",
      "file": "@angular_platform-browser.js",
      "fileHash": "e08de543",
      "needsInterop": false
    },
    "@angular/router": {
      "src": "../../../../../node_modules/@angular/router/fesm2022/router.mjs",
      "file": "@angular_router.js",
      "fileHash": "b7cbdc22",
      "needsInterop": false
    }
  },
  "chunks": {
    "chunk-UHHVTA4Y": {
      "file": "chunk-UHHVTA4Y.js"
    },
    "chunk-2M55P2PR": {
      "file": "chunk-2M55P2PR.js"
    },
    "chunk-A6ZBE6ZR": {
      "file": "chunk-A6ZBE6ZR.js"
    },
    "chunk-ORNJK7UO": {
      "file": "chunk-ORNJK7UO.js"
    }
  }
}